First Name,Last Name,Age,Birth Year
John,Doe,30,1988
John,Doe,30,1988
John,Doe,30,1988
John,Doe,30,1988
John,Doe,30,1988
John,Doe,30,1988
John,Doe,30,1988
John,Doe,30,1988
John,Doe,30,1988
John,Doe,30,1988
John,Doe,30,1988
John,Doe,30,1988
John,Doe,30,1988
John,Doe,30,1988
John,Doe,30,1988
John,Doe,30,1988
John,Doe,30,1988
John,Doe,30,1988
John,Doe,30,1988
John,Doe,30,1988
John,Doe,30,1988
John,Doe,30,1988
John,Doe,30,1988
John,Doe,30,1988
John,Doe,30,1988
John,Doe,30,1988
John,Doe,30,1988
John,Doe,30,1988
John,Doe,30,1988
John,Doe,30,1988
John,Doe,30,1988
John,Doe,30,1988
John,Doe,30,1988
John,Doe,30,1988
John,Doe,30,1988
John,Doe,30,1988
John,Doe,30,1988
John,Doe,30,1988
John,Doe,30,1988
John,Doe,30,1988
John,Doe,30,1988
John,Doe,30,1988
John,Doe,30,1988
John,Doe,30,1988
John,Doe,30,1988
John,Doe,30,1988
John,Doe,30,1988
John,Doe,30,1988
John,Doe,30,1988
John,Doe,30,1988
John,Doe,30,1988
John,Doe,30,1988
John,Doe,30,1988
John,Doe,30,1988
John,Doe,30,1988
John,Doe,30,1988
John,Doe,30,1988
John,Doe,30,1988
John,Doe,30,1988
John,Doe,30,1988
John,Doe,30,1988
John,Doe,30,1988
John,Doe,30,1988
John,Doe,30,1988
John,Doe,30,1988
John,Doe,30,1988
John,Doe,30,1988
John,Doe,30,1988
John,Doe,30,1988
John,Doe,30,1988
John,Doe,30,1988
John,Doe,30,1988
John,Doe,30,1988
John,Doe,30,1988
John,Doe,30,1988
John,Doe,30,1988
John,Doe,30,1988
John,Doe,30,1988
John,Doe,30,1988
John,Doe,30,1988
John,Doe,30,1988
John,Doe,30,1988
John,Doe,30,1988
John,Doe,30,1988
John,Doe,30,1988
John,Doe,30,1988
John,Doe,30,1988
John,Doe,30,1988
John,Doe,30,1988
John,Doe,30,1988
John,Doe,30,1988
John,Doe,30,1988
John,Doe,30,1988
John,Doe,30,1988
John,Doe,30,1988
John,Doe,30,1988
John,Doe,30,1988
John,Doe,30,1988
John,Doe,30,1988
John,Doe,30,1988
John,Doe,30,BadYear